lottery,condition,probA1,realA1,probA2,realA2,probA3,realA3,probA4,realA4,probA5,realA5,probB1,realB1,probB2,realB2,probB3,realB3,probB4,realB4,probB5,realB5
1,1,"0,07",69,"0,181",53,"0,103",-7,"0,123",17,"0,523",73,"0,07",50,"0,209",1,"0,209",10,"0,123",37,"0,389",6
2,1,"0,147",5,"0,135",79,"0,056",24,"0,188",34,"0,474",21,"0,147",87,"0,258",83,"0,258",12,"0,188",58,"0,149",98
3,1,"0,036",80,"0,085",56,"0,076",46,"0,02",14,"0,783",46,"0,036",57,"0,156",72,"0,156",77,"0,02",34,"0,632",66
4,1,"0,17",49,"0,17",74,"0,114",48,"0,169",69,"0,377",29,"0,17",31,"0,038",60,"0,038",61,"0,169",34,"0,585",75
5,1,"0,028",84,"0,096",7,"0,047",7,"0,13",34,"0,699",13,"0,028",6,"0,103",38,"0,103",45,"0,13",27,"0,636",35
6,1,"0,067",53,"0,059",35,"0,117",7,"0,033",74,"0,724",80,"0,067",23,"0,287",38,"0,287",11,"0,033",84,"0,326",96
7,1,"0,119",54,"0,136",91,"0,128",14,"0,102",59,"0,515",54,"0,119",60,"0,267",23,"0,267",64,"0,102",91,"0,245",11
8,1,1,33,0,42,0,98,0,68,0,71,"0,049",26,"0,214",53,"0,214",90,0,50,"0,523",5
9,1,"0,175",66,"0,164",32,"0,03",35,"0,082",84,"0,549",47,"0,175",78,"0,16",45,"0,16",72,"0,082",59,"0,423",48
10,1,"0,162",89,"0,134",32,"0,161",35,"0,101",18,"0,442",18,"0,162",53,"0,076",96,"0,076",85,"0,101",30,"0,585",27
11,1,"0,016",25,"0,006",44,"0,183",11,"0,19",40,"0,605",40,"0,016",87,"0,046",90,"0,046",50,"0,19",92,"0,702",78
12,1,"0,114",50,"0,191",13,"0,012",39,"0,046",57,"0,637",30,"0,114",17,"0,226",96,"0,226",41,"0,046",91,"0,388",22
13,1,"0,075",36,"0,032",96,"0,081",73,"0,162",62,"0,65",45,"0,075",19,"0,129",42,"0,129",15,"0,162",8,"0,505",75
14,1,"0,055",23,"0,016",99,"0,022",28,"0,044",65,"0,863",95,"0,055",57,"0,226",34,"0,226",14,"0,044",35,"0,449",86
15,1,"0,15",62,"0,167",48,"0,172",30,"0,127",99,"0,384",65,"0,15",73,"0,006",63,"0,006",71,"0,127",37,"0,711",0
16,1,"0,062",58,"0,04",63,"0,118",78,"0,164",47,"0,616",76,"0,062",35,"0,236",3,"0,236",1,"0,164",41,"0,302",13
17,1,"0,157",2,"0,106",29,"0,138",18,"0,031",52,"0,568",37,"0,157",48,"0,149",50,"0,149",86,"0,031",25,"0,514",62
18,1,"0,155",63,"0,142",43,"0,061",75,"0,104",83,"0,538",83,"0,155",45,"0,168",93,"0,168",85,"0,104",5,"0,405",85
19,1,"0,098",36,"0,071",14,"0,023",88,"0,104",69,"0,704",78,"0,098",74,"0,258",96,"0,258",39,"0,104",45,"0,282",83
20,1,"0,8",94,"0,2",10,0,3,0,73,0,64,"0,146",92,"0,205",14,"0,205",87,0,54,"0,444",19
21,1,"0,009",91,"0,017",36,"0,105",53,"0,157",7,"0,712",98,"0,009",71,"0,278",0,"0,278",60,"0,157",81,"0,278",96
22,1,"0,195",61,"0,046",46,"0,186",3,"0,112",47,"0,461",3,"0,195",81,"0,099",47,"0,099",58,"0,112",34,"0,495",17
23,1,"0,024",17,"0,09",100,"0,189",35,"0,11",74,"0,587",39,"0,024",74,"0,082",71,"0,082",59,"0,11",93,"0,702",59
24,1,"0,154",70,"0,05",3,"0,154",12,"0,151",0,"0,491",8,"0,154",0,"0,091",64,"0,091",68,"0,151",87,"0,513",84
25,1,"0,089",61,"0,06",99,"0,131",18,"0,196",11,"0,524",76,"0,089",16,"0,283",30,"0,283",94,"0,196",66,"0,149",64
26,1,"0,146",62,"0,195",84,"0,163",42,"0,079",67,"0,417",83,"0,146",10,"0,008",94,"0,008",54,"0,079",46,"0,759",0
27,1,"0,073",66,"0,049",29,"0,008",97,"0,111",71,"0,759",10,"0,073",9,"0,27",79,"0,27",66,"0,111",17,"0,276",92
28,1,"0,047",2,"0,009",12,"0,009",14,"0,14",23,"0,795",16,"0,047",92,"0,149",46,"0,149",85,"0,14",88,"0,515",25
29,1,"0,035",0,"0,193",66,"0,072",95,"0,177",50,"0,523",4,"0,035",49,"0,162",60,"0,162",94,"0,177",18,"0,464",44
30,1,"0,069",81,"0,003",70,"0,18",70,"0,08",49,"0,668",18,"0,069",42,"0,035",96,"0,035",12,"0,08",71,"0,781",13
31,1,"0,002",62,"0,193",39,"0,133",54,"0,194",15,"0,478",98,"0,002",48,"0,012",46,"0,012",57,"0,194",61,"0,78",84
32,1,"0,17",52,"0,056",19,"0,025",60,"0,037",84,"0,712",56,"0,17",11,"0,231",18,"0,231",43,"0,037",62,"0,331",84
33,1,0,86,"0,048",65,"0,038",68,"0,175",58,"0,739",70,"0,3",68,"0,035",35,"0,035",19,"0,175",24,"0,455",58
34,1,"0,032",67,"0,097",0,"0,022",93,"0,048",95,"0,801",100,"0,032",74,"0,235",89,"0,235",26,"0,048",60,"0,45",12
35,1,"0,078",34,"0,044",100,"0,18",10,"0,116",57,"0,582",99,"0,078",60,"0,229",39,"0,229",75,"0,116",41,"0,348",53
36,1,"0,162",88,"0,078",0,"0,077",3,"0,113",39,"0,57",69,"0,162",14,"0,043",36,"0,043",87,"0,113",26,"0,639",20
37,1,"0,048",5,"0,113",82,"0,144",11,"0,176",70,"0,519",50,"0,048",76,"0,197",41,"0,197",90,"0,176",4,"0,382",76
38,1,"0,086",48,"0,158",61,"0,094",27,"0,136",89,"0,526",49,"0,086",69,"0,084",69,"0,084",21,"0,136",8,"0,61",18
39,1,"0,047",10,"0,192",76,"0,01",39,"0,061",6,"0,69",80,"0,047",34,"0,005",78,"0,005",34,"0,061",65,"0,882",41
40,1,"0,199",78,"0,123",13,"0,154",5,"0,126",29,"0,398",64,"0,199",48,"0,201",40,"0,201",65,"0,126",9,"0,273",19
41,1,"0,189",50,"0,027",35,"0,063",45,"0,056",90,"0,665",81,"0,189",38,"0,179",2,"0,179",85,"0,056",58,"0,397",28
42,1,"0,152",84,"0,075",8,"0,072",19,"0,024",23,"0,677",3,"0,152",9,"0,173",10,"0,173",79,"0,024",30,"0,478",23
43,1,"0,016",66,"0,198",80,"0,189",77,"0,088",47,"0,509",24,"0,016",41,"0,277",63,"0,277",14,"0,088",44,"0,342",81
44,1,"0,02",48,"0,173",33,"0,059",29,"0,038",99,"0,71",61,"0,02",16,"0,048",20,"0,048",11,"0,038",0,"0,846",13
45,1,"0,104",87,"0,038",70,"0,097",32,"0,055",13,"0,706",96,"0,104",52,"0,217",56,"0,217",24,"0,055",18,"0,407",10
46,1,"0,051",76,"0,03",31,"0,198",98,"0,069",82,"0,652",88,"0,051",73,"0,045",60,"0,045",52,"0,069",72,"0,79",87
47,1,"0,127",51,"0,046",66,"0,073",9,"0,029",39,"0,725",52,"0,127",66,"0,028",34,"0,028",33,"0,029",0,"0,788",60
48,1,"0,06",50,"0,005",43,"0,181",27,"0,125",24,"0,629",48,"0,06",26,"0,159",14,"0,159",6,"0,125",33,"0,497",84
49,1,"0,112",29,"0,058",11,"0,123",22,"0,118",38,"0,589",18,"0,112",32,"0,269",46,"0,269",20,"0,118",83,"0,232",98
50,1,"0,15",61,"0,031",22,"0,101",13,"0,001",95,"0,717",35,"0,15",72,"0,052",31,"0,052",5,"0,001",46,"0,745",90
51,1,"0,137",42,"0,08",14,"0,169",59,"0,004",40,"0,61",55,"0,137",90,"0,281",16,"0,281",35,"0,004",89,"0,297",100
52,1,"0,091",5,"0,116",47,"0,186",98,"0,191",66,"0,416",58,"0,091",1,"0,009",53,"0,009",89,"0,191",72,"0,7",29
53,1,"0,131",61,"0,199",51,"0,106",35,"0,189",12,"0,375",0,"0,131",67,"0,159",22,"0,159",52,"0,189",39,"0,362",21
54,1,"0,012",46,"0,082",53,"0,138",95,"0,16",8,"0,608",62,"0,012",71,"0,031",59,"0,031",45,"0,16",20,"0,766",33
55,1,"0,159",40,"0,025",24,"0,157",75,"0,122",96,"0,537",31,"0,159",18,"0,254",34,"0,254",15,"0,122",76,"0,211",79
56,1,"0,08",50,"0,136",41,"0,117",17,"0,141",80,"0,526",95,"0,08",1,"0,137",81,"0,137",28,"0,141",63,"0,505",61
57,1,0,77,"0,1",64,"0,195",85,"0,193",45,"0,512",1,0,34,"0,225",77,"0,225",11,"0,193",3,"0,357",83
58,1,"0,024",75,"0,112",9,"0,014",10,"0,096",65,"0,754",85,"0,024",93,"0,255",74,"0,255",80,"0,096",18,"0,37",28
59,1,"0,12",53,"0,085",91,"0,152",3,"0,055",64,"0,588",75,"0,12",56,"0,17",58,"0,17",1,"0,055",27,"0,485",76
60,1,"0,198",13,"0,182",64,"0,054",51,"0,119",59,"0,447",68,"0,198",78,"0,081",63,"0,081",7,"0,119",14,"0,521",22
61,1,"0,043",33,"0,059",84,"0,189",69,"0,075",39,"0,634",49,"0,043",42,"0,093",27,"0,093",6,"0,075",99,"0,696",70
62,1,"0,013",54,"0,039",97,"0,157",40,"0,023",10,"0,768",14,"0,013",52,"0,152",75,"0,152",76,"0,023",1,"0,66",65
63,1,"0,091",28,"0,03",58,"0,184",7,"0,092",66,"0,603",61,"0,091",21,"0,129",78,"0,129",8,"0,092",85,"0,559",80
64,1,"0,036",3,"0,197",32,"0,165",13,"0,149",40,"0,453",76,"0,036",62,"0,097",76,"0,097",0,"0,149",95,"0,621",23
65,1,"0,194",94,"0,026",68,"0,199",53,"0,101",54,"0,48",97,"0,194",43,"0,23",87,"0,23",40,"0,101",52,"0,245",6
66,1,"0,181",23,"0,117",94,"0,146",18,"0,061",76,"0,495",33,"0,181",9,"0,064",98,"0,064",34,"0,061",16,"0,63",70
67,1,"0,095",61,"0,109",34,"0,001",36,"0,027",70,"0,768",25,"0,095",18,"0,055",49,"0,055",63,"0,027",6,"0,768",52
68,1,"0,074",38,"0,016",14,"0,105",31,"0,1",98,"0,705",26,"0,074",8,"0,239",92,"0,239",79,"0,1",85,"0,348",76
69,1,"0,091",16,"0,077",28,"0,019",77,"0,081",42,"0,732",59,"0,091",39,"0,106",52,"0,106",63,"0,081",72,"0,616",79
70,1,"0,127",73,"0,09",16,"0,126",10,"0,166",79,"0,491",98,"0,127",50,"0,178",27,"0,178",23,"0,166",40,"0,351",26
71,1,"0,1",53,"0,158",51,"0,189",39,"0,165",56,"0,388",29,"0,1",67,"0,186",5,"0,186",73,"0,165",83,"0,363",21
72,1,"0,072",62,"0,003",91,"0,002",91,"0,111",97,"0,812",90,"0,072",53,"0,065",70,"0,065",53,"0,111",89,"0,687",59
73,1,"0,148",6,"0,132",85,"0,073",18,"0,037",38,"0,61",48,"0,148",2,"0,253",29,"0,253",6,"0,037",33,"0,309",72
74,1,"0,029",49,"0,062",94,"0,013",83,"0,152",4,"0,744",90,"0,029",51,"0,1",41,"0,1",24,"0,152",11,"0,619",88
75,1,"0,046",48,"0,086",10,"0,04",28,"0,147",64,"0,681",50,"0,046",33,"0,08",88,"0,08",25,"0,147",93,"0,647",2
76,1,"0,01",5,"0,07",26,"0,003",95,"0,09",48,"0,827",29,"0,01",32,"0,2",28,"0,2",77,"0,09",56,"0,5",91
77,1,"0,059",6,"0,114",16,"0,056",48,"0,169",97,"0,602",90,"0,059",51,"0,242",7,"0,242",19,"0,169",99,"0,288",4
78,1,"0,103",45,"0,042",19,"0,103",77,"0,116",56,"0,636",42,"0,103",26,"0,158",25,"0,158",39,"0,116",41,"0,465",32
79,1,"0,092",41,"0,062",48,"0,145",54,"0,187",55,"0,514",42,"0,092",10,"0,191",29,"0,191",16,"0,187",63,"0,339",83
80,1,"0,164",35,"0,095",45,"0,199",96,"0,076",98,"0,466",63,"0,164",69,"0,26",1,"0,26",38,"0,076",52,"0,24",81
81,1,"0,043",61,"0,095",66,"0,039",56,"0,038",88,"0,785",57,"0,043",15,"0,238",79,"0,238",76,"0,038",17,"0,443",81
82,1,"0,004",53,"0,023",28,"0,1",57,"0,092",4,"0,781",54,"0,004",16,"0,098",12,"0,098",38,"0,092",56,"0,708",39
83,1,"0,143",30,"0,083",66,"0,161",3,"0,113",43,"0,5",18,"0,143",64,"0,028",53,"0,028",95,"0,113",21,"0,688",39
84,1,"0,009",4,"0,165",35,"0,004",53,"0,114",14,"0,708",46,"0,009",55,"0,01",96,"0,01",69,"0,114",31,"0,857",51
85,1,"0,079",94,"0,147",50,"0,148",46,"0,008",51,"0,618",84,"0,079",22,"0,124",27,"0,124",65,"0,008",44,"0,665",29
86,1,"0,123",9,"0,067",85,"0,067",30,"0,163",67,"0,58",43,"0,123",69,"0,213",37,"0,213",37,"0,163",35,"0,288",34
87,1,"0,124",82,"0,058",18,"0,032",78,"0,115",54,"0,671",91,"0,124",89,"0,116",23,"0,116",65,"0,115",99,"0,529",45
88,1,"0,016",46,"0,037",50,"0,197",40,"0,121",35,"0,629",86,"0,016",33,"0,169",92,"0,169",26,"0,121",9,"0,525",71
89,1,"0,161",23,"0,031",0,"0,028",83,"0,118",53,"0,662",9,"0,161",57,"0,28",77,"0,28",47,"0,118",61,"0,161",70
90,1,"0,098",21,"0,127",30,"0,034",55,"0,049",54,"0,692",78,"0,098",89,"0,009",51,"0,009",74,"0,049",44,"0,835",83
91,1,"0,183",43,"0,055",96,"0,173",3,"0,054",42,"0,535",34,"0,183",74,"0,204",26,"0,204",79,"0,054",71,"0,355",30
92,1,"0,179",86,"0,147",72,"0,138",99,"0,057",50,"0,479",10,"0,179",80,"0,066",89,"0,066",85,"0,057",2,"0,632",31
93,1,"0,012",84,"0,09",44,"0,119",57,"0,108",85,"0,671",56,"0,012",75,"0,208",67,"0,208",87,"0,108",33,"0,464",72
94,1,"0,001",24,"0,074",49,"0,023",35,"0,054",48,"0,848",62,"0,001",31,"0,161",3,"0,161",59,"0,054",74,"0,623",91
95,1,"0,066",32,"0,115",29,"0,175",32,"0,07",99,"0,574",75,"0,066",53,"0,213",54,"0,213",71,"0,07",64,"0,438",93
96,1,"0,157",56,"0,053",26,"0,17",26,"0,135",44,"0,485",33,"0,157",47,"0,156",26,"0,156",14,"0,135",52,"0,396",28
97,1,"0,171",91,"0,193",71,"0,191",68,"0,052",81,"0,393",93,"0,171",55,"0,07",23,"0,07",17,"0,052",10,"0,637",98
98,1,"0,131",53,"0,168",56,"0,2",94,"0,018",39,"0,483",56,"0,131",31,"0,239",67,"0,239",22,"0,018",71,"0,373",63
99,1,"0,09",5,"0,025",12,"0,048",62,"0,065",69,"0,772",50,"0,09",58,"0,034",30,"0,034",77,"0,065",27,"0,777",55
100,1,"0,01",48,"0,164",82,"0,105",95,"0,126",14,"0,595",32,"0,01",45,"0,192",2,"0,192",87,"0,126",20,"0,48",25
101,1,"0,152",88,"0,176",8,"0,028",49,"0,007",15,"0,637",32,"0,152",91,"0,049",56,"0,049",96,"0,007",69,"0,743",70
102,1,"0,122",29,"0,179",55,"0,148",75,"0,127",11,"0,424",6,"0,122",35,"0,298",27,"0,298",41,"0,127",14,"0,155",51
103,1,"0,15",74,"0,144",81,"0,082",62,"0,034",34,"0,59",24,"0,15",63,"0,015",11,"0,015",60,"0,034",90,"0,786",66
104,1,"0,13",22,"0,02",92,"0,069",12,"0,081",24,"0,7",58,"0,13",25,"0,126",12,"0,126",72,"0,081",27,"0,537",71
105,1,"0,155",94,"0,065",83,"0,159",39,"0,085",13,"0,536",88,"0,155",41,"0,045",47,"0,045",33,"0,085",51,"0,67",38
106,1,"0,022",33,"0,199",8,"0,079",92,"0,144",52,"0,556",67,"0,022",47,"0,131",80,"0,131",47,"0,144",53,"0,572",21
107,1,"0,129",64,"0,033",76,"0,076",32,"0,169",12,"0,593",89,"0,129",66,"0,171",47,"0,171",9,"0,169",17,"0,36",100
108,1,"0,024",62,"0,17",100,"0,004",92,"0,07",68,"0,732",82,"0,024",42,"0,137",7,"0,137",66,"0,07",32,"0,632",42
109,1,"0,154",56,"0,19",73,"0,005",80,"0,185",58,"0,466",34,"0,154",48,"0,062",15,"0,062",9,"0,185",10,"0,537",39
110,1,"0,053",33,"0,179",7,"0,077",82,"0,065",84,"0,626",62,"0,053",70,"0,138",4,"0,138",16,"0,065",98,"0,606",17
111,1,"0,134",78,"0,149",35,"0,08",44,"0,179",74,"0,458",73,"0,134",93,"0,06",77,"0,06",98,"0,179",45,"0,567",27
112,1,"0,103",97,"0,07",59,"0,154",5,"0,103",84,"0,57",11,"0,103",81,"0,169",74,"0,169",57,"0,103",43,"0,456",76
113,1,"0,144",81,"0,083",28,"0,17",38,"0,088",36,"0,515",82,"0,144",74,"0,073",50,"0,073",44,"0,088",82,"0,622",18
114,1,"0,177",39,"0,137",39,"0,046",82,"0,116",34,"0,524",84,"0,177",44,"0,181",4,"0,181",98,"0,116",66,"0,345",0
115,1,"0,147",53,"0,116",79,"0,133",23,"0,092",9,"0,512",59,"0,147",38,"0,231",19,"0,231",21,"0,092",41,"0,299",34
116,1,"0,107",92,"0,005",32,"0,172",66,"0,063",85,"0,653",61,"0,107",30,"0,149",51,"0,149",37,"0,063",82,"0,532",67
117,1,"0,038",8,"0,036",42,"0,137",10,"0,074",45,"0,715",12,"0,038",27,"0,042",20,"0,042",8,"0,074",13,"0,804",32
118,1,"0,081",54,"0,035",88,"0,042",59,"0,187",47,"0,655",28,"0,081",35,"0,11",99,"0,11",88,"0,187",86,"0,512",55
119,1,"0,175",90,"0,055",59,"0,032",26,"0,01",84,"0,728",45,"0,175",73,"0,002",25,"0,002",13,"0,01",89,"0,811",88
120,1,"0,12",94,"0,137",66,"0,028",53,"0,182",87,"0,533",24,"0,12",19,"0,296",90,"0,296",10,"0,182",80,"0,106",11
121,1,"0,006",14,"0,125",19,"0,132",34,"0,053",17,"0,684",0,"0,006",8,"0,237",46,"0,237",20,"0,053",2,"0,467",59
122,1,"0,101",27,"0,066",49,"0,102",32,"0,066",97,"0,665",72,"0,101",8,"0,281",9,"0,281",93,"0,066",45,"0,271",33
123,1,"0,093",38,"0,051",78,"0,027",5,"0,059",32,"0,77",66,"0,093",65,"0,141",26,"0,141",92,"0,059",32,"0,566",77
124,1,"0,187",90,"0,012",90,"0,064",86,"0,042",38,"0,695",58,"0,187",68,"0,255",32,"0,255",18,"0,042",2,"0,261",74
125,1,"0,102",38,"0,089",99,"0,113",74,"0,011",11,"0,685",20,"0,102",82,"0,288",10,"0,288",63,"0,011",67,"0,311",2
126,1,"0,117",15,"0,101",88,"0,161",72,"0,183",90,"0,438",59,"0,117",96,"0,098",2,"0,098",44,"0,183",23,"0,504",99
127,1,"0,18",90,"0,013",89,"0,095",78,"0,057",68,"0,655",42,"0,18",29,"0,243",91,"0,243",46,"0,057",78,"0,277",79
128,1,"0,112",94,"0,112",20,"0,033",96,"0,173",23,"0,57",98,"0,112",88,"0,207",17,"0,207",73,"0,173",92,"0,301",92
129,1,"0,193",47,"0,094",55,"0,173",8,"0,114",33,"0,426",19,"0,193",18,"0,193",1,"0,193",64,"0,114",65,"0,307",87
130,1,"0,003",93,"0,038",98,"0,097",24,"0,129",84,"0,733",0,"0,003",87,"0,2",65,"0,2",51,"0,129",99,"0,468",84
131,1,"0,175",10,"0,188",48,"0,053",64,"0,045",18,"0,539",34,"0,175",31,"0,128",94,"0,128",81,"0,045",97,"0,524",20
132,1,"0,139",16,"0,125",84,"0,15",21,"0,111",35,"0,475",75,"0,139",96,"0,226",94,"0,226",41,"0,111",22,"0,298",31
133,1,"0,083",70,"0,163",52,"0,171",76,"0,011",94,"0,572",84,"0,083",59,"0,06",53,"0,06",42,"0,011",75,"0,786",23
134,1,"0,044",91,"0,033",19,"0,176",45,"0,193",84,"0,554",50,"0,044",25,"0,063",53,"0,063",14,"0,193",12,"0,637",45
135,1,"0,113",68,"0,169",12,"0,179",90,"0,163",10,"0,376",19,"0,113",40,"0,107",77,"0,107",72,"0,163",96,"0,51",35
136,1,"0,165",36,"0,142",50,"0,028",57,"0,182",8,"0,483",32,"0,165",23,"0,071",70,"0,071",55,"0,182",54,"0,511",73
137,1,"0,067",24,"0,09",94,"0,136",44,"0,128",59,"0,579",8,"0,067",39,"0,235",87,"0,235",60,"0,128",46,"0,335",5
138,1,"0,032",91,"0,09",51,"0,179",95,"0,022",5,"0,677",53,"0,032",58,"0,009",75,"0,009",97,"0,022",72,"0,928",62
139,1,"0,134",71,"0,076",83,"0,145",66,"0,029",89,"0,616",90,"0,134",40,"0,262",44,"0,262",78,"0,029",76,"0,313",35
140,1,"0,125",75,"0,096",30,"0,172",63,"0,059",92,"0,548",51,"0,125",39,"0,153",4,"0,153",12,"0,059",47,"0,51",42
141,1,"0,075",56,"0,148",75,"0,086",35,"0,004",92,"0,687",30,"0,075",51,"0,122",50,"0,122",41,"0,004",16,"0,677",98
142,1,"0,078",90,"0,152",58,"0,134",94,"0,06",46,"0,576",82,"0,078",6,"0,016",13,"0,016",41,"0,06",2,"0,83",63
143,1,"0,129",37,"0,015",88,"0,128",43,"0,198",36,"0,53",86,"0,129",30,"0,091",82,"0,091",5,"0,198",46,"0,491",38
144,1,"0,18",12,"0,18",86,"0,057",35,"0,113",84,"0,47",69,"0,18",27,"0,051",46,"0,051",68,"0,113",7,"0,605",41
145,1,"0,094",75,"0,031",30,"0,017",85,"0,136",68,"0,722",81,"0,094",89,"0,009",85,"0,009",80,"0,136",8,"0,752",41
146,1,"0,176",51,0,76,"0,086",96,"0,121",55,"0,617",95,"0,176",35,"0,221",52,"0,221",65,"0,121",59,"0,261",48
147,1,"0,182",34,"0,191",70,"0,025",46,"0,049",90,"0,553",89,"0,182",76,"0,154",94,"0,154",20,"0,049",25,"0,461",86
148,1,"0,11",18,"0,127",25,"0,008",35,"0,069",26,"0,686",40,"0,11",41,"0,171",68,"0,171",28,"0,069",32,"0,479",5
149,1,"0,133",76,"0,067",51,"0,175",58,"0,067",62,"0,558",21,"0,133",54,"0,212",92,"0,212",46,"0,067",14,"0,376",11
150,1,"0,072",7,"0,17",45,"0,035",11,"0,04",87,"0,683",32,"0,072",75,"0,287",21,"0,287",100,"0,04",34,"0,314",19
151,1,"0,1",13,"0,032",3,"0,169",23,"0,106",90,"0,593",41,"0,1",3,"0,2",97,"0,2",45,"0,106",94,"0,394",21
152,1,"0,177",59,"0,009",98,"0,121",42,"0,096",70,"0,597",44,"0,177",64,"0,004",69,"0,004",59,"0,096",37,"0,719",45
153,1,"0,112",50,"0,186",80,"0,015",18,"0,078",49,"0,609",92,"0,112",27,"0,262",31,"0,262",51,"0,078",65,"0,286",88
154,1,"0,024",37,"0,177",49,"0,036",34,"0,167",1,"0,596",81,"0,024",17,"0,159",22,"0,159",18,"0,167",39,"0,491",66
155,1,"0,045",15,"0,187",20,"0,156",83,"0,037",10,"0,575",60,"0,045",89,"0,112",4,"0,112",46,"0,037",89,"0,694",48
156,1,"0,169",83,"0,188",65,"0,155",88,"0,068",55,"0,42",20,"0,169",62,"0,227",74,"0,227",60,"0,068",37,"0,309",0
157,1,"0,145",12,"0,01",93,"0,014",25,"0,162",33,"0,669",21,"0,145",89,"0,042",76,"0,042",44,"0,162",67,"0,609",79
158,1,"0,07",100,"0,1",35,"0,034",76,"0,148",7,"0,648",47,"0,07",61,"0,113",74,"0,113",20,"0,148",22,"0,556",93
159,1,"0,02",24,"0,073",54,"0,129",12,"0,156",50,"0,622",3,"0,02",35,"0,292",94,"0,292",50,"0,156",53,"0,24",16
160,1,"0,146",42,"0,037",13,"0,183",96,"0,183",73,"0,451",69,"0,146",78,"0,291",61,"0,291",72,"0,183",43,"0,089",17
161,1,"0,071",30,"0,02",89,"0,043",65,"0,126",55,"0,74",38,"0,071",96,"0,071",96,"0,071",15,"0,126",27,"0,661",46
162,1,"0,024",93,"0,172",15,"0,026",66,"0,16",50,"0,618",20,"0,024",98,"0,024",73,"0,024",12,"0,16",32,"0,768",62
163,1,"0,115",26,"0,062",82,"0,132",27,"0,012",47,"0,679",64,"0,115",19,"0,013",40,"0,013",44,"0,012",59,"0,847",29
164,1,"0,111",66,"0,172",79,"0,011",72,"0,009",61,"0,697",86,"0,111",4,"0,178",99,"0,178",18,"0,009",43,"0,524",14
165,1,"0,117",77,"0,083",71,"0,19",55,"0,054",60,"0,556",53,"0,117",15,"0,176",23,"0,176",72,"0,054",28,"0,477",25
166,1,"0,121",20,"0,032",67,"0,159",27,"0,016",70,"0,672",27,"0,121",40,"0,147",21,"0,147",15,"0,016",69,"0,569",85
167,1,"0,013",89,"0,05",100,"0,054",20,"0,166",88,"0,717",89,"0,013",79,"0,004",89,"0,004",38,"0,166",56,"0,813",24
168,1,"0,056",40,"0,065",15,"0,14",53,"0,097",1,"0,642",20,"0,056",94,"0,027",53,"0,027",79,"0,097",57,"0,793",72
169,1,"0,044",48,"0,13",13,"0,012",21,"0,195",92,"0,619",27,"0,044",89,"0,123",54,"0,123",21,"0,195",24,"0,515",43
170,1,"0,05",16,"0,12",70,"0,124",66,"0,103",91,"0,603",43,"0,05",38,"0,157",83,"0,157",43,"0,103",81,"0,533",3
171,1,"0,004",73,"0,121",30,"0,116",24,"0,105",71,"0,654",78,"0,004",63,"0,207",27,"0,207",56,"0,105",93,"0,477",45
172,1,"0,185",73,"0,183",45,"0,025",17,"0,122",14,"0,485",36,"0,185",30,"0,075",17,"0,075",93,"0,122",2,"0,543",58
173,1,"0,192",7,"0,119",45,"0,16",12,"0,195",99,"0,334",32,"0,192",6,"0,106",64,"0,106",3,"0,195",20,"0,401",78
174,1,"0,002",41,"0,071",64,"0,01",36,"0,053",60,"0,864",76,"0,002",19,"0,059",80,"0,059",72,"0,053",58,"0,827",45
175,1,"0,046",100,"0,068",73,"0,118",90,"0,043",23,"0,725",31,"0,046",71,"0,062",16,"0,062",81,"0,043",46,"0,787",20
176,1,"0,147",11,"0,045",24,"0,146",32,"0,157",94,"0,505",67,"0,147",51,"0,054",16,"0,054",61,"0,157",0,"0,588",51
177,1,"0,015",32,"0,183",49,"0,163",95,"0,165",82,"0,474",36,"0,015",30,"0,045",38,"0,045",91,"0,165",10,"0,73",90
178,1,"0,175",3,"0,149",95,"0,103",40,"0,022",6,"0,551",90,"0,175",75,"0,18",41,"0,18",62,"0,022",70,"0,443",53
179,1,"0,191",62,"0,041",97,"0,169",73,"0,064",72,"0,535",62,"0,191",78,"0,209",26,"0,209",32,"0,064",84,"0,327",39
180,1,"0,067",32,"0,081",20,"0,187",29,"0,13",33,"0,535",37,"0,067",43,"0,186",48,"0,186",66,"0,13",22,"0,431",24
181,1,"0,054",82,"0,095",37,"0,194",67,"0,144",26,"0,513",69,"0,054",14,"0,052",89,"0,052",91,"0,144",25,"0,698",85
182,1,"0,057",43,"0,085",72,"0,042",3,"0,04",52,"0,776",81,"0,057",33,"0,194",55,"0,194",82,"0,04",57,"0,515",32
183,1,"0,171",70,"0,104",91,"0,001",29,"0,068",64,"0,656",38,"0,171",20,"0,18",18,"0,18",49,"0,068",57,"0,401",48
184,1,"0,024",94,"0,014",4,"0,133",32,"0,09",67,"0,739",87,"0,024",53,"0,162",100,"0,162",95,"0,09",49,"0,562",13
185,1,"0,082",91,"0,019",12,"0,131",49,"0,006",66,"0,762",37,"0,082",20,"0,096",85,"0,096",0,"0,006",81,"0,72",24
186,1,"0,145",13,"0,159",32,"0,025",18,"0,013",47,"0,658",68,"0,145",3,"0,194",14,"0,194",24,"0,013",52,"0,454",3
187,1,"0,026",39,"0,089",97,"0,197",71,"0,014",88,"0,674",81,"0,026",57,"0,118",83,"0,118",1,"0,014",49,"0,724",53
188,1,"0,084",81,"0,194",75,"0,125",60,"0,092",69,"0,505",62,"0,084",69,"0,183",18,"0,183",12,"0,092",97,"0,458",39
189,1,"0,03",16,"0,055",61,"0,019",79,"0,14",87,"0,756",97,"0,03",62,"0,154",92,"0,154",14,"0,14",61,"0,522",58
190,1,"0,017",100,"0,06",25,"0,011",99,"0,197",4,"0,715",38,"0,017",52,"0,082",38,"0,082",44,"0,197",7,"0,622",27
191,1,"0,091",20,"0,152",70,"0,127",89,"0,136",84,"0,494",53,"0,091",47,"0,089",3,"0,089",64,"0,136",29,"0,595",2
192,1,"0,005",13,"0,104",9,"0,031",41,"0,169",65,"0,691",31,"0,005",94,"0,161",43,"0,161",21,"0,169",32,"0,504",35
193,1,"0,008",13,"0,028",58,"0,09",35,"0,056",11,"0,818",96,"0,008",32,"0,255",36,"0,255",54,"0,056",11,"0,426",23
194,1,"0,1",55,"0,111",21,"0,189",42,"0,109",40,"0,491",16,"0,1",25,"0,255",96,"0,255",32,"0,109",69,"0,281",32
195,1,"0,067",45,"0,06",25,"0,037",81,"0,003",45,"0,833",48,"0,067",67,"0,035",99,"0,035",100,"0,003",47,"0,86",1
196,1,"0,199",17,"0,123",75,"0,076",32,"0,091",72,"0,511",42,"0,199",28,"0,255",26,"0,255",17,"0,091",72,"0,2",19
197,1,"0,168",56,"0,179",81,"0,182",97,"0,159",61,"0,312",54,"0,168",31,"0,112",23,"0,112",55,"0,159",66,"0,449",70
198,1,"0,076",97,"0,043",83,"0,002",60,"0,051",18,"0,828",47,"0,076",55,"0,143",47,"0,143",32,"0,051",28,"0,587",54
199,1,"0,052",9,"0,074",10,"0,107",78,"0,095",73,"0,672",0,"0,052",77,"0,2",64,"0,2",7,"0,095",9,"0,453",79
200,1,"0,113",31,"0,074",51,"0,011",22,"0,005",69,"0,797",81,"0,123",100,"0,063",99,"0,063",99,"0,005",7,"0,746",47
201,20,"0,209",37,"0,074",70,"0,123",39,"0,123",98,"0,471",45,"0,188",37,"0,036",15,"0,123",48,"0,123",57,"0,53",77
202,20,"0,258",54,"0,074",44,"0,188",74,"0,036",75,"0,444",64,"0,02",45,"0,192",85,"0,188",51,"0,036",16,"0,564",57
203,20,"0,156",29,"0,074",61,"0,02",39,"0,192",33,"0,558",91,"0,169",31,"0,048",13,"0,02",98,"0,192",41,"0,571",82
204,20,"0,038",25,"0,074",51,"0,169",77,"0,048",87,"0,671",4,"0,13",80,"0,042",24,"0,169",2,"0,048",85,"0,611",45
205,20,"0,103",94,"0,074",39,"0,13",22,"0,042",17,"0,651",11,"0,033",90,"0,033",93,"0,13",27,"0,042",80,"0,762",36
206,20,"0,287",95,"0,074",55,"0,033",80,"0,033",57,"0,573",40,"0,102",77,"0,187",5,"0,033",10,"0,033",100,"0,645",97
207,20,"0,267",60,"0,074",35,"0,102",68,"0,187",87,"0,37",35,0,39,"0,121",8,"0,102",66,"0,187",88,"0,59",6
208,20,"0,214",1,"0,074",3,0,73,"0,121",17,"0,591",37,"0,082",39,"0,048",95,0,25,"0,121",2,"0,749",94
209,20,"0,16",70,"0,074",35,"0,082",61,"0,048",10,"0,636",15,"0,101",70,"0,144",41,"0,082",26,"0,048",38,"0,625",52
210,20,"0,076",65,"0,074",35,"0,101",31,"0,144",96,"0,605",20,"0,19",5,"0,14",14,"0,101",16,"0,144",65,"0,425",24
211,20,"0,046",61,"0,074",44,"0,19",95,"0,14",45,"0,55",32,"0,046",19,"0,276",60,"0,19",96,"0,14",79,"0,348",68
212,20,"0,226",74,"0,074",22,"0,046",71,"0,276",69,"0,378",2,"0,162",77,"0,044",78,"0,046",59,"0,276",1,"0,472",60
213,20,"0,129",36,"0,074",70,"0,162",85,"0,044",17,"0,591",79,"0,044",25,"0,272",49,"0,162",64,"0,044",35,"0,478",83
214,20,"0,226",65,"0,074",94,"0,044",15,"0,272",73,"0,384",54,"0,127",20,"0,103",75,"0,044",60,"0,272",36,"0,454",96
215,20,"0,006",68,"0,074",11,"0,127",36,"0,103",97,"0,69",36,"0,164",15,"0,132",88,"0,127",36,"0,103",81,"0,474",100
216,20,"0,236",13,"0,074",1,"0,164",59,"0,132",60,"0,394",77,"0,031",78,"0,181",67,"0,164",28,"0,132",74,"0,492",28
217,20,"0,149",89,"0,074",53,"0,031",88,"0,181",80,"0,565",93,"0,104",9,"0,276",18,"0,031",59,"0,181",43,"0,408",70
218,20,"0,168",38,"0,074",14,"0,104",52,"0,276",75,"0,378",87,"0,104",99,"0,084",71,"0,104",2,"0,276",98,"0,432",94
219,20,"0,258",26,"0,074",38,"0,104",28,"0,084",56,"0,48",13,0,65,"0,055",8,"0,104",65,"0,084",49,"0,757",11
220,20,"0,205",43,"0,074",47,0,2,"0,055",66,"0,666",4,"0,157",35,"0,086",29,0,1,"0,055",14,"0,702",90
221,20,"0,278",40,"0,074",36,"0,157",67,"0,086",10,"0,405",96,"0,112",61,"0,07",98,"0,157",64,"0,086",47,"0,575",75
222,20,"0,099",57,"0,074",65,"0,112",54,"0,07",75,"0,645",74,"0,11",24,"0,115",65,"0,112",100,"0,07",67,"0,593",81
223,20,"0,082",72,"0,074",54,"0,11",17,"0,115",26,"0,619",94,"0,151",49,"0,129",79,"0,11",28,"0,115",94,"0,495",63
224,20,"0,091",6,"0,074",19,"0,151",70,"0,129",92,"0,555",55,"0,196",20,"0,105",22,"0,151",74,"0,129",2,"0,419",53
225,20,"0,283",71,"0,074",51,"0,196",2,"0,105",46,"0,342",56,"0,079",93,"0,256",64,"0,196",79,"0,105",85,"0,364",83
226,20,"0,008",60,"0,074",18,"0,079",81,"0,256",1,"0,583",41,"0,111",93,"0,171",69,"0,079",88,"0,256",87,"0,383",84
227,20,"0,27",14,"0,074",15,"0,111",25,"0,171",70,"0,374",45,"0,14",18,"0,033",80,"0,111",24,"0,171",15,"0,545",45
228,20,"0,149",7,"0,074",8,"0,14",54,"0,033",63,"0,604",22,"0,177",14,"0,271",6,"0,14",57,"0,033",53,"0,379",40
229,20,"0,162",86,"0,074",2,"0,177",98,"0,271",94,"0,316",52,"0,08",47,"0,153",8,"0,177",54,"0,271",87,"0,319",70
230,20,"0,035",47,"0,074",26,"0,08",4,"0,153",21,"0,658",96,"0,194",100,"0,052",63,"0,08",13,"0,153",36,"0,521",27
231,20,"0,012",24,"0,074",87,"0,194",79,"0,052",68,"0,668",41,"0,037",36,"0,167",90,"0,194",21,"0,052",39,"0,55",25
232,20,"0,231",46,"0,074",47,"0,037",78,"0,167",53,"0,491",97,"0,175",48,"0,095",75,"0,037",85,"0,167",64,"0,526",68
233,20,"0,035",44,"0,074",56,"0,175",64,"0,095",3,"0,621",51,"0,048",30,"0,134",36,"0,175",50,"0,095",98,"0,548",18
234,20,"0,235",44,"0,074",96,"0,048",98,"0,134",74,"0,509",2,"0,116",31,"0,166",10,"0,048",97,"0,134",92,"0,536",67
235,20,"0,229",88,"0,074",35,"0,116",22,"0,166",55,"0,415",27,"0,113",29,"0,109",51,"0,116",44,"0,166",47,"0,496",49
236,20,"0,043",13,"0,074",7,"0,113",55,"0,109",78,"0,661",66,"0,176",73,"0,203",46,"0,113",59,"0,109",44,"0,399",46
237,20,"0,197",96,"0,074",25,"0,176",23,"0,203",84,"0,35",56,"0,136",93,"0,05",17,"0,176",74,"0,203",21,"0,435",35
238,20,"0,084",65,"0,074",100,"0,136",6,"0,05",42,"0,656",34,"0,061",14,"0,013",54,"0,136",39,"0,05",16,"0,74",10
239,20,"0,005",29,"0,074",29,"0,061",17,"0,013",85,"0,847",83,"0,126",81,"0,022",20,"0,061",23,"0,013",52,"0,778",85
240,20,"0,201",10,"0,074",80,"0,126",69,"0,022",2,"0,577",48,"0,056",22,"0,201",47,"0,126",85,"0,022",9,"0,595",65
241,20,"0,179",78,"0,074",2,"0,056",35,"0,201",5,"0,49",40,"0,024",33,"0,08",68,"0,056",8,"0,201",56,"0,639",97
242,20,"0,173",62,"0,074",89,"0,024",26,"0,08",69,"0,649",78,"0,088",66,"0,175",85,"0,024",54,"0,08",60,"0,633",84
243,20,"0,277",41,"0,074",82,"0,088",71,"0,175",38,"0,386",22,"0,038",7,"0,18",38,"0,088",33,"0,175",47,"0,519",44
244,20,"0,048",7,"0,074",69,"0,038",38,"0,18",29,"0,66",16,"0,055",49,"0,043",88,"0,038",46,"0,18",30,"0,684",47
245,20,"0,217",39,"0,074",39,"0,055",77,"0,043",80,"0,611",67,"0,069",7,"0,24",85,"0,055",58,"0,043",63,"0,593",98
246,20,"0,045",79,"0,074",35,"0,069",62,"0,24",27,"0,572",1,"0,029",60,"0,216",7,"0,069",77,"0,24",98,"0,446",65
247,20,"0,028",43,"0,074",81,"0,029",39,"0,216",50,"0,653",95,"0,125",77,"0,136",63,"0,029",87,"0,216",92,"0,494",22
248,20,"0,159",7,"0,074",30,"0,125",76,"0,136",13,"0,506",23,"0,118",9,"0,014",7,"0,125",62,"0,136",11,"0,607",73
249,20,"0,269",34,"0,074",40,"0,118",46,"0,014",54,"0,525",85,"0,001",91,"0,276",86,"0,118",83,"0,014",48,"0,591",95
250,20,"0,052",41,"0,074",27,"0,001",15,"0,276",42,"0,597",21,"0,004",18,"0,06",71,"0,001",67,"0,276",25,"0,659",5
251,20,"0,281",43,"0,074",24,"0,004",83,"0,06",9,"0,581",36,"0,191",54,"0,128",5,"0,004",5,"0,06",85,"0,617",34
252,20,"0,009",79,"0,074",60,"0,191",64,"0,128",19,"0,598",1,"0,189",76,"0,046",91,"0,191",3,"0,128",61,"0,446",80
253,20,"0,159",65,"0,074",12,"0,189",86,"0,046",17,"0,532",63,"0,16",1,"0,031",31,"0,189",53,"0,046",12,"0,574",60
254,20,"0,031",1,"0,074",6,"0,16",62,"0,031",49,"0,704",59,"0,122",36,"0,154",10,"0,16",4,"0,031",66,"0,533",95
255,20,"0,254",98,"0,074",2,"0,122",82,"0,154",30,"0,396",25,"0,141",7,"0,084",26,"0,122",6,"0,154",82,"0,499",27
256,20,"0,137",22,"0,074",39,"0,141",65,"0,084",30,"0,564",29,"0,193",40,"0,127",58,"0,141",30,"0,084",80,"0,455",85
257,20,"0,225",0,"0,074",11,"0,193",7,"0,127",59,"0,381",7,"0,096",92,"0,18",3,"0,193",50,"0,127",64,"0,404",71
258,20,"0,255",24,"0,074",70,"0,096",13,"0,18",23,"0,395",29,"0,055",5,"0,258",99,"0,096",98,"0,18",18,"0,411",3
259,20,"0,17",36,"0,074",52,"0,055",45,"0,258",40,"0,443",30,"0,119",58,"0,27",53,"0,055",4,"0,258",56,"0,298",66
260,20,"0,081",45,"0,074",27,"0,119",97,"0,27",24,"0,456",6,"0,075",83,"0,229",6,"0,119",72,"0,27",11,"0,307",96
261,20,"0,093",57,"0,074",23,"0,075",85,"0,229",58,"0,529",0,"0,023",30,"0,257",13,"0,075",71,"0,229",8,"0,416",11
262,20,"0,152",80,"0,074",5,"0,023",96,"0,257",8,"0,494",24,"0,092",96,"0,235",96,"0,023",23,"0,257",5,"0,393",20
263,20,"0,129",62,"0,074",42,"0,092",44,"0,235",7,"0,47",25,"0,149",28,"0,217",85,"0,092",26,"0,235",95,"0,307",11
264,20,"0,097",6,"0,074",45,"0,149",69,"0,217",87,"0,463",11,"0,101",86,"0,053",60,"0,149",57,"0,217",8,"0,48",56
265,20,"0,23",31,"0,074",12,"0,101",62,"0,053",56,"0,542",49,"0,061",42,"0,163",4,"0,101",2,"0,053",12,"0,622",76
266,20,"0,064",46,"0,074",63,"0,061",8,"0,163",77,"0,638",96,"0,027",11,"0,106",66,"0,061",98,"0,163",58,"0,643",10
267,20,"0,055",46,"0,074",45,"0,027",8,"0,106",2,"0,738",97,"0,1",75,"0,163",22,"0,027",100,"0,106",63,"0,604",73
268,20,"0,239",83,"0,074",91,"0,1",77,"0,163",62,"0,424",35,"0,081",17,"0,031",15,"0,1",7,"0,163",57,"0,625",64
269,20,"0,106",78,"0,074",93,"0,081",40,"0,031",66,"0,708",6,"0,166",78,"0,025",67,"0,081",41,"0,031",0,"0,697",50
270,20,"0,178",11,"0,074",28,"0,166",3,"0,025",39,"0,557",77,"0,165",55,"0,189",48,"0,166",83,"0,025",34,"0,455",41
271,20,"0,186",66,"0,074",73,"0,165",58,"0,189",73,"0,386",61,"0,111",39,"0,102",76,"0,165",78,"0,189",57,"0,433",81
272,20,"0,065",95,"0,074",58,"0,111",3,"0,102",49,"0,648",32,"0,037",18,"0,129",73,"0,111",37,"0,102",42,"0,621",31
273,20,"0,253",13,"0,074",28,"0,037",7,"0,129",84,"0,507",22,"0,152",43,"0,216",37,"0,037",15,"0,129",60,"0,466",73
274,20,"0,1",77,"0,074",32,"0,152",57,"0,216",78,"0,458",23,"0,147",87,"0,089",54,"0,152",17,"0,216",32,"0,396",19
275,20,"0,08",79,"0,074",8,"0,147",48,"0,089",99,"0,61",8,"0,09",21,"0,096",2,"0,147",30,"0,089",89,"0,578",11
276,20,"0,2",87,"0,074",23,"0,09",3,"0,096",11,"0,54",7,"0,169",71,"0,109",46,"0,09",86,"0,096",15,"0,536",92
277,20,"0,242",65,"0,074",37,"0,169",9,"0,109",8,"0,406",15,"0,116",35,"0,242",32,"0,169",66,"0,109",34,"0,364",27
278,20,"0,158",2,"0,074",31,"0,116",44,"0,242",9,"0,41",2,"0,187",31,"0,064",35,"0,116",17,"0,242",17,"0,391",21
279,20,"0,191",45,"0,074",4,"0,187",11,"0,064",85,"0,484",39,"0,076",90,"0,069",6,"0,187",77,"0,064",89,"0,604",72
280,20,"0,26",39,"0,074",31,"0,076",4,"0,069",0,"0,521",34,"0,038",74,"0,153",37,"0,076",54,"0,069",57,"0,664",77
281,20,"0,238",21,"0,074",74,"0,038",91,"0,153",54,"0,497",9,"0,092",32,"0,272",31,"0,038",20,"0,153",43,"0,445",0
282,20,"0,098",86,"0,074",59,"0,092",51,"0,272",67,"0,464",48,"0,113",89,"0,039",29,"0,092",6,"0,272",50,"0,484",48
283,20,"0,028",98,"0,074",40,"0,113",80,"0,039",74,"0,746",58,"0,114",74,"0,097",64,"0,113",70,"0,039",97,"0,637",96
284,20,"0,01",67,"0,074",16,"0,114",0,"0,097",99,"0,705",66,"0,008",62,"0,273",87,"0,114",5,"0,097",1,"0,508",57
285,20,"0,124",43,"0,074",58,"0,008",44,"0,273",17,"0,521",59,"0,163",72,"0,223",8,"0,008",29,"0,273",58,"0,333",50
286,20,"0,213",38,"0,074",25,"0,163",46,"0,223",81,"0,327",72,"0,115",45,"0,036",23,"0,163",42,"0,223",79,"0,463",49
287,20,"0,116",63,"0,074",46,"0,115",27,"0,036",5,"0,659",57,"0,121",52,"0,028",41,"0,115",93,"0,036",54,"0,7",30
288,20,"0,169",28,"0,074",2,"0,121",100,"0,028",91,"0,608",85,"0,118",59,"0,231",57,"0,121",58,"0,028",89,"0,502",51
289,20,"0,28",22,"0,074",49,"0,118",41,"0,231",91,"0,297",86,"0,049",87,"0,233",21,"0,118",58,"0,231",7,"0,369",26
290,20,"0,009",96,"0,074",1,"0,049",50,"0,233",97,"0,635",88,"0,054",64,"0,006",74,"0,049",33,"0,233",75,"0,658",98
291,20,"0,204",82,"0,074",37,"0,054",53,"0,006",50,"0,662",46,"0,057",41,"0,265",74,"0,054",8,"0,006",32,"0,618",100
292,20,"0,066",78,"0,074",70,"0,057",95,"0,265",93,"0,538",23,"0,108",85,"0,214",64,"0,057",88,"0,265",29,"0,356",83
293,20,"0,208",73,"0,074",56,"0,108",68,"0,214",6,"0,396",80,"0,054",51,"0,238",5,"0,108",17,"0,214",5,"0,386",33
294,20,"0,161",19,"0,074",19,"0,054",72,"0,238",80,"0,473",96,"0,07",100,"0,152",45,"0,054",77,"0,238",69,"0,486",9
295,20,"0,213",5,"0,074",74,"0,07",81,"0,152",67,"0,491",5,"0,135",59,"0,181",91,"0,07",30,"0,152",94,"0,462",48
296,20,"0,156",13,"0,074",33,"0,135",43,"0,181",41,"0,454",17,"0,052",77,"0,187",59,"0,135",17,"0,181",88,"0,445",17
297,20,"0,07",64,"0,074",92,"0,052",42,"0,187",43,"0,617",56,"0,018",16,"0,229",55,"0,052",31,"0,187",0,"0,514",85
298,20,"0,239",13,"0,074",8,"0,018",69,"0,229",47,"0,44",66,"0,065",39,"0,147",47,"0,018",31,"0,229",60,"0,541",94
299,20,"0,034",70,"0,074",33,"0,065",89,"0,147",3,"0,68",93,"0,126",5,"0,263",80,"0,065",85,"0,147",11,"0,399",8
300,20,"0,192",7,"0,074",17,"0,126",81,"0,263",33,"0,345",40,"0,007",31,"0,211",31,"0,126",25,"0,263",86,"0,393",86
301,20,"0,049",23,"0,074",26,"0,007",55,"0,211",36,"0,659",80,"0,127",51,"0,185",94,"0,007",16,"0,211",94,"0,47",4
302,20,"0,298",85,"0,074",17,"0,127",70,"0,185",7,"0,316",2,"0,034",26,"0,155",73,"0,127",74,"0,185",24,"0,499",52
303,20,"0,015",21,"0,074",70,"0,034",8,"0,155",70,"0,722",67,"0,081",8,"0,289",54,"0,034",59,"0,155",93,"0,441",38
304,20,"0,126",44,"0,074",22,"0,081",82,"0,289",81,"0,43",14,"0,085",10,"0,14",84,"0,081",38,"0,289",59,"0,405",82
305,20,"0,045",82,"0,074",19,"0,085",11,"0,14",61,"0,656",62,"0,144",3,"0,165",95,"0,085",97,"0,14",15,"0,466",16
306,20,"0,131",3,"0,074",72,"0,144",4,"0,165",0,"0,486",95,"0,169",17,"0,138",24,"0,144",13,"0,165",72,"0,384",55
307,20,"0,171",7,"0,074",6,"0,169",13,"0,138",86,"0,448",25,"0,07",91,"0,145",64,"0,169",30,"0,138",58,"0,478",73
308,20,"0,137",5,"0,074",39,"0,07",63,"0,145",93,"0,574",9,"0,185",54,"0,277",47,"0,07",3,"0,145",26,"0,323",18
309,20,"0,062",21,"0,074",6,"0,185",42,"0,277",88,"0,402",79,"0,065",87,"0,002",68,"0,185",11,"0,277",8,"0,471",32
310,20,"0,138",13,"0,074",53,"0,065",0,"0,002",50,"0,721",97,"0,179",6,"0,263",86,"0,065",89,"0,002",39,"0,491",29
311,20,"0,06",96,"0,074",57,"0,179",91,"0,263",84,"0,424",63,"0,103",44,"0,129",37,"0,179",26,"0,263",46,"0,326",49
312,20,"0,169",6,"0,074",61,"0,103",82,"0,129",57,"0,525",29,"0,088",96,"0,256",36,"0,103",13,"0,129",45,"0,424",63
313,20,"0,073",23,"0,074",10,"0,088",55,"0,256",27,"0,509",56,"0,116",26,"0,119",56,"0,088",80,"0,256",99,"0,421",3
314,20,"0,181",58,"0,074",65,"0,116",34,"0,119",6,"0,51",34,"0,092",15,"0,102",54,"0,116",93,"0,119",10,"0,571",58
315,20,"0,231",92,"0,074",59,"0,092",9,"0,102",76,"0,501",42,"0,063",78,"0,14",70,"0,092",11,"0,102",73,"0,603",42
316,20,"0,149",30,"0,074",2,"0,063",52,"0,14",51,"0,574",93,"0,074",53,"0,109",59,"0,063",19,"0,14",44,"0,614",39
317,20,"0,042",6,"0,074",40,"0,074",67,"0,109",76,"0,701",47,"0,187",9,"0,042",40,"0,074",29,"0,109",38,"0,588",32
318,20,"0,11",41,"0,074",60,"0,187",86,"0,042",72,"0,587",14,"0,01",2,"0,137",56,"0,187",10,"0,042",7,"0,624",4
319,20,"0,002",60,"0,074",65,"0,01",77,"0,137",96,"0,777",39,"0,182",83,"0,172",78,"0,01",54,"0,137",29,"0,499",64
320,20,"0,296",27,"0,074",40,"0,182",92,"0,172",95,"0,276",76,"0,053",9,"0,152",63,"0,182",41,"0,172",68,"0,441",18
321,20,"0,237",30,"0,074",34,"0,053",2,"0,152",15,"0,484",51,"0,066",32,"0,155",68,"0,053",79,"0,152",26,"0,574",91
322,20,"0,281",31,"0,074",72,"0,066",81,"0,155",98,"0,424",17,"0,059",41,"0,125",37,"0,066",62,"0,155",4,"0,595",90
323,20,"0,141",10,"0,074",72,"0,059",9,"0,125",66,"0,601",41,"0,042",17,"0,283",89,"0,059",39,"0,125",46,"0,491",17
324,20,"0,255",50,"0,074",97,"0,042",22,"0,283",15,"0,346",51,"0,011",11,"0,203",94,"0,042",70,"0,283",39,"0,461",9
325,20,"0,288",14,"0,074",100,"0,011",14,"0,203",57,"0,424",9,"0,183",56,"0,071",31,"0,011",3,"0,203",76,"0,532",25
326,20,"0,098",2,"0,074",3,"0,183",17,"0,071",6,"0,574",94,"0,057",65,"0,273",62,"0,183",39,"0,071",32,"0,416",91
327,20,"0,243",53,"0,074",16,"0,057",95,"0,273",71,"0,353",89,"0,173",22,"0,058",70,"0,057",50,"0,273",45,"0,439",1
328,20,"0,207",84,"0,074",23,"0,173",6,"0,058",18,"0,488",14,"0,114",76,"0,015",53,"0,173",45,"0,058",62,"0,64",87
329,20,"0,193",98,"0,074",36,"0,114",95,"0,015",20,"0,604",42,"0,129",12,"0,173",46,"0,114",100,"0,015",47,"0,569",23
330,20,"0,2",98,"0,074",30,"0,129",70,"0,173",100,"0,424",12,"0,045",39,"0,186",93,"0,129",31,"0,173",62,"0,467",40
331,20,"0,128",21,"0,074",58,"0,045",80,"0,186",34,"0,567",99,"0,111",51,"0,188",23,"0,045",56,"0,186",51,"0,47",34
332,20,"0,226",97,"0,074",21,"0,111",18,"0,188",41,"0,401",59,"0,011",11,"0,042",82,"0,111",96,"0,188",30,"0,648",24
333,20,"0,06",47,"0,074",22,"0,011",13,"0,042",23,"0,813",60,"0,193",93,"0,188",59,"0,011",84,"0,042",85,"0,566",69
334,20,"0,063",65,"0,074",2,"0,193",79,"0,188",94,"0,482",63,"0,163",74,"0,229",2,"0,193",86,"0,188",45,"0,227",100
335,20,"0,107",0,"0,074",22,"0,163",14,"0,229",82,"0,427",76,"0,182",19,"0,218",53,"0,163",69,"0,229",98,"0,208",27
336,20,"0,071",30,"0,074",72,"0,182",7,"0,218",1,"0,455",68,"0,128",50,"0,01",48,"0,182",73,"0,218",99,"0,462",34
337,20,"0,235",33,"0,074",42,"0,128",26,"0,01",62,"0,553",41,"0,022",82,"0,24",67,"0,128",48,"0,01",76,"0,6",92
338,20,"0,009",90,"0,074",80,"0,022",53,"0,24",78,"0,655",4,"0,029",85,"0,286",28,"0,022",22,"0,24",74,"0,423",66
339,20,"0,262",6,"0,074",38,"0,029",65,"0,286",12,"0,349",64,"0,059",43,"0,214",83,"0,029",67,"0,286",99,"0,412",72
340,20,"0,153",26,"0,074",18,"0,059",38,"0,214",8,"0,5",66,"0,004",15,"0,231",74,"0,059",69,"0,214",30,"0,492",99
341,20,"0,122",71,"0,074",72,"0,004",9,"0,231",5,"0,569",67,"0,06",56,"0,177",59,"0,004",19,"0,231",100,"0,528",24
342,20,"0,016",97,"0,074",17,"0,06",56,"0,177",6,"0,673",88,"0,198",13,"0,183",60,"0,06",44,"0,177",17,"0,382",28
343,20,"0,091",17,"0,074",100,"0,198",48,"0,183",5,"0,454",24,"0,113",74,"0,029",1,"0,198",33,"0,183",35,"0,477",71
344,20,"0,051",17,"0,074",92,"0,113",25,"0,029",88,"0,733",45,"0,136",9,"0,025",63,"0,113",47,"0,029",58,"0,697",53
345,20,"0,009",62,"0,074",36,"0,136",88,"0,025",62,"0,756",50,"0,121",16,"0,262",75,"0,136",100,"0,025",12,"0,456",27
346,20,"0,221",89,"0,074",0,"0,121",58,"0,262",15,"0,322",28,"0,049",14,"0,051",88,"0,121",33,"0,262",32,"0,517",20
347,20,"0,154",17,"0,074",94,"0,049",82,"0,051",60,"0,672",31,"0,069",19,"0,13",10,"0,049",35,"0,051",95,"0,701",70
348,20,"0,171",65,"0,074",28,"0,069",75,"0,13",95,"0,556",10,"0,067",70,"0,272",91,"0,069",20,"0,13",74,"0,462",27
349,20,"0,212",54,"0,074",28,"0,067",95,"0,272",38,"0,375",11,"0,04",32,"0,259",87,"0,067",14,"0,272",65,"0,362",78
350,20,"0,287",87,"0,074",13,"0,04",85,"0,259",64,"0,34",82,"0,106",27,"0,166",94,"0,04",94,"0,259",87,"0,429",91
351,20,"0,2",36,"0,074",86,"0,106",99,"0,166",43,"0,454",86,"0,096",16,"0,172",91,"0,106",100,"0,166",99,"0,46",64
352,20,"0,004",22,"0,074",0,"0,096",33,"0,172",95,"0,654",6,"0,078",66,"0,18",22,"0,096",19,"0,172",86,"0,474",33
353,20,"0,262",52,"0,074",14,"0,078",96,"0,18",80,"0,406",6,"0,167",87,"0,073",1,"0,078",0,"0,18",12,"0,502",73
354,20,"0,159",36,"0,074",70,"0,167",64,"0,073",16,"0,527",32,"0,037",13,"0,092",20,"0,167",15,"0,073",99,"0,631",67
355,20,"0,112",93,"0,074",25,"0,037",17,"0,092",16,"0,685",51,"0,068",47,"0,085",96,"0,037",23,"0,092",3,"0,718",74
356,20,"0,227",30,"0,074",46,"0,068",20,"0,085",63,"0,546",65,"0,162",86,"0,195",94,"0,068",26,"0,085",29,"0,49",85
357,20,"0,042",34,"0,074",32,"0,162",54,"0,195",65,"0,527",73,"0,148",21,"0,006",69,"0,162",8,"0,195",31,"0,489",8
358,20,"0,113",78,"0,074",24,"0,148",43,"0,006",14,"0,659",37,"0,156",1,"0,046",22,"0,148",24,"0,006",99,"0,644",51
359,20,"0,292",14,"0,074",15,"0,156",21,"0,046",53,"0,432",83,"0,183",40,"0,007",70,"0,156",35,"0,046",5,"0,608",90
360,20,"0,291",22,"0,291",75,"0,183",51,"0,007",75,"0,228",22,"0,126",25,"0,183",45,"0,183",67,"0,007",86,"0,501",62
361,20,"0,071",5,"0,071",43,"0,126",7,"0,183",95,"0,549",10,"0,16",69,"0,086",75,"0,126",6,"0,183",40,"0,445",43
362,20,"0,024",61,"0,024",33,"0,16",90,"0,086",94,"0,706",7,"0,012",64,"0,257",21,"0,16",34,"0,086",43,"0,485",12
363,20,"0,013",10,"0,013",73,"0,012",82,"0,257",39,"0,705",39,"0,009",55,"0,146",32,"0,012",7,"0,257",19,"0,576",5
364,20,"0,178",82,"0,178",59,"0,009",51,"0,146",12,"0,489",66,"0,054",38,"0,171",92,"0,009",21,"0,146",12,"0,62",33
365,20,"0,176",61,"0,176",94,"0,054",25,"0,171",93,"0,423",24,"0,016",93,"0,147",30,"0,054",64,"0,171",85,"0,612",0
366,20,"0,147",48,"0,147",72,"0,016",90,"0,147",60,"0,543",69,"0,166",42,"0,065",94,"0,016",83,"0,147",70,"0,606",83
367,20,"0,004",41,"0,004",69,"0,166",77,"0,065",89,"0,761",34,"0,097",5,"0,269",91,"0,166",66,"0,065",64,"0,403",76
368,20,"0,027",83,"0,027",4,"0,097",66,"0,269",47,"0,58",36,"0,195",83,"0,026",98,"0,097",81,"0,269",14,"0,413",72
369,20,"0,123",38,"0,123",0,"0,195",98,"0,026",97,"0,533",42,"0,103",44,"0,028",91,"0,195",56,"0,026",51,"0,648",50
370,20,"0,157",80,"0,157",63,"0,103",61,"0,028",20,"0,555",6,"0,105",58,"0,175",20,"0,103",17,"0,028",97,"0,589",74
371,20,"0,207",78,"0,207",15,"0,105",28,"0,175",96,"0,306",98,"0,122",61,"0,071",48,"0,105",25,"0,175",74,"0,527",28
372,20,"0,075",31,"0,075",65,"0,122",32,"0,071",74,"0,657",42,"0,195",9,"0,098",7,"0,122",18,"0,071",16,"0,514",56
373,20,"0,106",63,"0,106",56,"0,195",63,"0,098",54,"0,495",70,"0,053",70,"0,291",87,"0,195",66,"0,098",43,"0,363",7
374,20,"0,059",100,"0,059",34,"0,053",27,"0,291",54,"0,538",42,"0,043",45,"0,023",87,"0,053",39,"0,291",61,"0,59",82
375,20,"0,062",4,"0,062",27,"0,043",85,"0,023",16,"0,81",16,"0,157",48,"0,13",66,"0,043",46,"0,023",86,"0,647",68
376,20,"0,054",52,"0,054",9,"0,157",48,"0,13",44,"0,605",68,"0,165",87,"0,211",2,"0,157",78,"0,13",62,"0,337",4
377,20,"0,045",73,"0,045",84,"0,165",32,"0,211",53,"0,534",68,"0,022",41,"0,223",76,"0,165",27,"0,211",94,"0,379",90
378,20,"0,18",100,"0,18",91,"0,022",95,"0,223",70,"0,395",26,"0,064",3,"0,161",22,"0,022",65,"0,223",7,"0,53",81
379,20,"0,209",30,"0,209",33,"0,064",86,"0,161",82,"0,357",66,"0,13",77,"0,166",92,"0,064",43,"0,161",90,"0,479",62
380,20,"0,186",7,"0,186",88,"0,13",73,"0,166",75,"0,332",5,"0,144",70,"0,05",88,"0,13",21,"0,166",61,"0,51",87
381,20,"0,052",56,"0,052",44,"0,144",87,"0,05",12,"0,702",42,"0,04",68,"0,195",35,"0,144",98,"0,05",36,"0,571",14
382,20,"0,194",23,"0,074",91,"0,04",50,"0,195",10,"0,497",49,"0,068",3,"0,003",95,"0,04",12,"0,195",80,"0,694",0
383,20,"0,18",41,"0,074",49,"0,068",81,"0,003",12,"0,675",37,"0,09",99,"0,077",71,"0,068",91,"0,003",66,"0,762",85
384,20,"0,162",73,"0,074",40,"0,09",15,"0,077",36,"0,597",7,"0,006",79,"0,18",3,"0,09",14,"0,077",100,"0,647",61
385,20,"0,096",51,"0,074",89,"0,006",71,"0,18",74,"0,644",39,"0,013",19,"0,175",37,"0,006",20,"0,18",33,"0,626",23
386,20,"0,194",75,"0,074",93,"0,013",10,"0,175",87,"0,544",42,"0,014",9,"0,023",43,"0,013",98,"0,175",38,"0,775",0
387,20,"0,118",58,"0,074",56,"0,014",7,"0,023",62,"0,771",35,"0,092",59,"0,06",95,"0,014",62,"0,023",96,"0,811",98
388,20,"0,183",62,"0,074",74,"0,092",16,"0,06",60,"0,591",81,"0,14",21,"0,158",63,"0,092",54,"0,06",92,"0,55",13
389,20,"0,154",69,"0,074",34,"0,14",95,"0,158",8,"0,474",99,"0,197",99,"0,074",95,"0,14",88,"0,158",68,"0,431",52
390,20,"0,082",62,"0,074",30,"0,197",92,"0,074",39,"0,573",38,"0,136",9,"0,084",78,"0,197",57,"0,074",76,"0,509",88
391,20,"0,089",41,"0,074",24,"0,136",12,"0,084",54,"0,617",37,"0,169",97,"0,209",15,"0,136",23,"0,084",15,"0,402",42
392,20,"0,161",96,"0,074",87,"0,169",91,"0,209",6,"0,387",38,"0,056",29,"0,205",85,"0,169",60,"0,209",33,"0,361",97
393,20,"0,255",6,"0,074",87,"0,056",12,"0,205",59,"0,41",46,"0,109",85,"0,255",82,"0,056",2,"0,205",9,"0,375",57
394,20,"0,255",88,"0,074",53,"0,109",34,"0,255",4,"0,307",65,"0,003",46,"0,176",86,"0,109",93,"0,255",0,"0,457",22
395,20,"0,035",93,"0,074",98,"0,003",1,"0,176",39,"0,712",97,"0,091",15,"0,266",41,"0,003",20,"0,176",46,"0,464",75
396,20,"0,255",39,"0,074",55,"0,091",46,"0,266",15,"0,314",90,"0,159",86,"0,269",21,"0,091",32,"0,266",18,"0,215",80
397,20,"0,112",75,"0,074",24,"0,159",77,"0,269",58,"0,386",1,"0,051",53,"0,056",44,"0,159",17,"0,269",13,"0,465",18
398,20,"0,143",75,"0,074",41,"0,051",57,"0,056",97,"0,676",65,"0,095",22,"0,156",21,"0,051",93,"0,056",14,"0,642",19
399,20,"0,2",55,"0,074",26,"0,095",96,"0,156",32,"0,475",46,"0,005",90,"0,009",51,"0,095",36,"0,156",71,"0,735",43
400,20,"0,063",35,"0,074",6,"0,005",14,"0,009",84,"0,849",27,"0,123",97,"0,128",43,"0,005",92,"0,009",24,"0,735",25